,MDS1,MDS2,species
Hydrozoa,-0.373624354,-0.575012559,Hydrozoa
Gastropoda,-0.296564808,-0.545363079,Gastropoda
Araneae,0.655362919,-0.0083054,Araneae
Collembola,0.77075076,0.15388785,Collembola
Staphylinidae,0.683715714,0.187639642,Staphylinidae
Hydrophilidae,0.676357531,0.059652894,Hydrophilidae
Chironomidae,-0.378771045,-0.705795633,Chironomidae
Caenidae,-0.286903574,-0.547979395,Caenidae
Leptoceridae,-0.178565457,-0.553691697,Leptoceridae
