"","beta.SIM","beta.SNE","beta.SOR","Habitat"
"1",0.63728813559322,0.0818719693936563,0.719160104986877,"Treated"
"2",0.66078431372549,0.0750935488699297,0.73587786259542,"Invaded"
"3",0.666003976143141,0.0775074742385382,0.743511450381679,"Uninvaded"
