"","n","N.avg","N.sd","N.CI","T.avg","T.sd","T.CI","S.avg","S.sd","S.CI","Turn","Nest","Over","Habitat"
"1",999,0.0484182655304928,0.0144556286334736,0.00792579772921086,0.670741839456384,0.0144556286334736,0.00792579772921086,0.719160104986877,0,0,0.63728813559322,0.0818719693936563,0.719160104986877,"Treated"
"2",999,0.0328180045401638,0.0100234246335714,0.0054956887876682,0.710693445841516,0.0100234246335714,0.0054956887876682,0.743511450381679,0,0,0.666003976143141,0.0775074742385382,0.743511450381679,"Uninvaded"
"3",999,0.0342976085392019,0.010335557174118,0.00566682623480409,0.701580254056218,0.010335557174118,0.00566682623480408,0.73587786259542,0,0,0.66078431372549,0.0750935488699297,0.73587786259542,"Invaded"
