,n,N.avg,N.sd,N.CI,T.avg,T.sd,T.CI,S.avg,S.sd,S.CI,Turn,Nest,Over,Habitat
1,999,0.093679723,0.028298547,0.015515656,0.419251311,0.028298547,0.015515656,0.512931034,0,0,0.339181287,0.173749748,0.512931034,Treated
2,999,0.063995509,0.02000759,0.011635285,0.545240726,0.02000759,0.011635285,0.609236234,0,0,0.473684211,0.135552024,0.609236234,Uninvaded
3,999,0.075846102,0.024337654,0.014153406,0.514243988,0.024337654,0.014153406,0.59009009,0,0,0.545,0.04509009,0.59009009,Invaded
