"","beta.SIM","beta.SNE","beta.SOR","Habitat"
"1",0.339181286549708,0.173749747933051,0.512931034482759,"Treated"
"2",0.545,0.0450900900900901,0.59009009009009,"Invaded"
"3",0.473684210526316,0.135552023931944,0.609236234458259,"Uninvaded"
