"","MDS1","MDS3","Taxa"
"Latridiidae",0.134020347640128,0.443757346214955,"Latridiidae"
"Chironomidae",0.533330502961731,-0.111363590459434,"Chironomidae"
