"","MDS1","MDS2","Taxa"
"Chironomidae",0.535249358965312,0.0983416849756458,"Chironomidae"
"Carnidae",0.062998074579814,0.457772517992451,"Carnidae"
