"","MDS1","MDS3","Taxa"
"Cecidomyiidae",-0.0362086389271094,-0.536792237327505,"Cecidomyiidae"
"Dolichopodidae",-0.0856264844897307,-0.532583367724827,"Dolichopodidae"
"Stratiomyidae",-0.0731712929050206,-0.484502407081944,"Stratiomyidae"
"Eulophidae",-0.244874479827268,-0.680649026181455,"Eulophidae"
"Aphelinidae",-0.0825251466251943,-0.664775203756096,"Aphelinidae"
"Diapriidae",-0.34481492545655,0.423234473649866,"Diapriidae"
