"","MDS1","MDS2","Taxa"
"Eulophidae",-0.500110909177443,0.403466260641581,"Eulophidae"
"Diapriidae",-0.337547291719316,0.516853119491332,"Diapriidae"
