"","Chironomidae","Ceratopogonidae","Sciomyzidae","Ephydridae","Stratiomyidae","Cecidomyiidae","Caenidae","Crambidae","Corduliidae","Coenagrionidae","Limnephilidae","Leptoceridae"
"1",0.633136094674556,0.158579881656805,0,0,0,0,0.206153846153846,0,0,0.000236686390532544,0,0.00189349112426036
"2",0.805700988947062,0.0238510762070972,0,0,0,0,0.146015125072717,0.00058173356602676,0,0,0,0.0238510762070972
"3",0.931236673773987,0.017590618336887,0,0.00266524520255864,0,0,0.0373134328358209,0,0,0.00106609808102345,0,0.0101279317697228
"4",0.922425032594524,0.0312907431551499,0,0,0,0,0.0423728813559322,0,0,0,0,0.00391134289439374
"5",0.61439588688946,0.0462724935732648,0,0,0,0.0051413881748072,0.311053984575835,0,0,0,0,0.0231362467866324
"6",0.56294058408862,0.040281973816717,0,0,0.00100704934541793,0,0.386706948640483,0,0.00201409869083585,0,0,0.00704934541792548
"7",0.776610644257703,0.092436974789916,0.000700280112044818,0,0,0.000700280112044818,0.126050420168067,0,0,0,0.00140056022408964,0.00210084033613445
"8",0.743961352657005,0.0314009661835749,0,0,0,0,0.218599033816425,0.00120772946859903,0,0,0,0.00483091787439614
"9",0.578947368421053,0.0526315789473684,0,0,0,0,0.368421052631579,0,0,0,0,0
