"","Lampyridae","Chironomidae","Ceratopogonidae","Culicidae","Dolichopodidae","Sciomyzidae","Tipulidae","Ephydridae","Tabanidae","Stratiomyidae","Cecidomyiidae","Caenidae","Crambidae","Corduliidae","Coenagrionidae","Limnephilidae","Leptoceridae"
"1",0.155555555555556,0.622222222222222,0.2,0,0.0222222222222222,0,0,0,0,0,0,0,0,0,0,0,0
"2",0.0165289256198347,0.84297520661157,0.0743801652892562,0,0,0.00826446280991736,0.00826446280991736,0,0,0,0.0165289256198347,0,0.0165289256198347,0,0,0,0.0165289256198347
"3",0.0526315789473684,0.605263157894737,0.289473684210526,0,0,0,0,0,0,0.0263157894736842,0.0263157894736842,0,0,0,0,0,0
"4",0.0208333333333333,0.625,0.25,0,0,0,0,0,0,0.0208333333333333,0.0625,0,0.0208333333333333,0,0,0,0
"5",0.0285714285714286,0.557142857142857,0.214285714285714,0.0142857142857143,0,0.0285714285714286,0.0285714285714286,0,0,0.0142857142857143,0.0142857142857143,0.0428571428571429,0,0.0142857142857143,0.0142857142857143,0.0285714285714286,0
"6",0.206666666666667,0.573333333333333,0.0533333333333333,0,0,0,0.0666666666666667,0.02,0,0,0.0133333333333333,0.0266666666666667,0,0,0.02,0.02,0
"7",0.0252525252525253,0.853535353535353,0.0252525252525253,0,0.00505050505050505,0,0.0202020202020202,0,0.0252525252525253,0,0,0,0,0,0,0.0303030303030303,0.0151515151515152
"8",0,0.905405405405405,0.027027027027027,0,0.0135135135135135,0,0.027027027027027,0,0,0,0.0135135135135135,0,0.0135135135135135,0,0,0,0
