"","Chironomidae","Ceratopogonidae","Culicidae","Tipulidae","Stratiomyidae","Cecidomyiidae","Caenidae","Coenagrionidae","Limnephilidae","Leptoceridae"
"1",0.75,0.166666666666667,0,0,0,0.0833333333333333,0,0,0,0
"2",0.6,0,0,0,0.1,0,0,0.1,0.2,0
"3",0.666666666666667,0.140350877192982,0.0350877192982456,0,0,0.0526315789473684,0,0,0.0701754385964912,0.0350877192982456
"4",0.628571428571429,0.0571428571428571,0,0.114285714285714,0,0,0.0571428571428571,0.0571428571428571,0.0571428571428571,0.0285714285714286
"5",0.521739130434783,0,0.173913043478261,0,0,0,0,0,0.173913043478261,0.130434782608696
"6",0.619047619047619,0.19047619047619,0,0,0,0,0.0238095238095238,0,0.0714285714285714,0.0952380952380952
"7",0.65,0,0,0,0,0.05,0,0.1,0.15,0.05
"8",0.976863753213368,0.0077120822622108,0,0,0,0,0.0102827763496144,0,0.0051413881748072,0
