"","ID","Habitat","NMDS1a","NMDS2a","NMDS1e","NMDS2e"
"1","RES1","Treated",-0.355948473560497,-0.0312928950190897,-0.19440315937976,-0.610249424894845
"2","RES2","Treated",-0.150518005285862,0.10115992962379,0.282646927041154,-0.258290046642962
"3","RES3","Treated",0.0614451162853535,0.0229668962981904,0.293388190389628,-0.109421498019365
"4","RES4","Treated",-0.0225668355608619,0.0385826007195962,0.356137820532289,0.00927263649718307
"5","RES5","Treated",-0.346233267145644,0.133017914493355,0.295952316926978,0.0366986092183806
"6","RES6","Treated",-0.393089533277155,0.147633458575633,0.320084228249861,-0.0358285046642199
"7","RES7","Treated",-0.22705381409811,-0.0387008390405917,0.214252624238026,0.0948291062220531
"8","RES8","Treated",-0.223278099252089,0.0926834865920208,0.17007740963035,-0.0383563172382068
"9","RESOW","Treated",-0.418754296089644,0.0805174331362922,0.337860850355984,0.364777454142787
