"","MDS1","MDS2","Taxa"
"Culicidae",-0.702277422707245,-0.223268413780667,"Culicidae"
"Coenagrionidae",-0.671105633920221,-0.157617979695607,"Coenagrionidae"
