"","MDS1","MDS2","Taxa"
"Lampyridae",-0.306149965196397,0.457851083479037,"Lampyridae"
"Pompilidae",-0.209074959453214,0.39805442851624,"Pompilidae"
