"","MDS1","MDS2","Taxa"
"Dolichopodidae",-0.39592754536114,-0.346206381005873,"Dolichopodidae"
"Muscidae",-0.189328740088028,-0.50290617625894,"Muscidae"
"Scelionidae",-0.302616155589339,-0.486549892179915,"Scelionidae"
