"","MDS1","MDS3","species"
"Carabidae",-0.351408655157895,0.390586781980112,"Carabidae"
"Erotylidae",-0.445472183446367,0.1051516887354,"Erotylidae"
"Phalacridae",-0.0661972966597677,0.486994200449697,"Phalacridae"
"Cecidomyiidae",-0.425111479181356,-0.185619509815336,"Cecidomyiidae"
"Chironomidae",0.40417118539581,-0.364901791643812,"Chironomidae"
"Dolichopodidae",-0.472553327083849,-0.156425735494534,"Dolichopodidae"
"Carnidae",-0.433588915396983,0.170944268383953,"Carnidae"
"Caenidae",0.444424060536142,0.154727979455729,"Caenidae"
