"","MDS1","MDS2","Taxa"
"Culicidae",0.152210582324897,-0.421366162762907,"Culicidae"
"Ephydridae",0.406986878794812,0.355978989044998,"Ephydridae"
"Leptoceridae",-0.385673743253352,0.348812249524454,"Leptoceridae"
