"","MDS1","MDS3","Taxa"
"Araneae",0.296987038211086,-0.394174252849477,"Araneae"
"Erotylidae",0.149009527474112,0.555656381279308,"Erotylidae"
"Ephydridae",0.410261464750095,-0.23332362187004,"Ephydridae"
"Coenagrionid",0.107383276817211,0.474596946385477,"Coenagrionid"
"Leptoceridae",-0.386592174560393,-0.24972196282104,"Leptoceridae"
