"","MDS1","MDS3","Taxa"
"Araneae",-0.664372330135926,0.0498701416182448,"Araneae"
"Chironomidae",0.594698941096418,-0.226834507537348,"Chironomidae"
"Dolichopodid",-0.1625994909608,-0.425428752282895,"Dolichopodid"
"Carnidae",-0.186580589562226,-0.468742241956346,"Carnidae"
"Stratiomyida",-0.304274653024229,0.387775158432077,"Stratiomyida"
