"","MDS1","MDS2","Taxa"
"Araneae",-0.620191673364949,0.405687472183924,"Araneae"
"Chironomidae",0.563824908153797,-0.22830875828153,"Chironomidae"
"Caenidae",0.170871774125915,-0.470372643188689,"Caenidae"
